{"mean":{"confidence_interval":{"confidence_level":0.95,"lower_bound":71156384.75,"upper_bound":71879793.6},"point_estimate":71507466.26666667,"standard_error":185694.6555352877},"median":{"confidence_interval":{"confidence_level":0.95,"lower_bound":70905117.75,"upper_bound":71712990.0},"point_estimate":71513542.75,"standard_error":187239.69664613894},"median_abs_dev":{"confidence_interval":{"confidence_level":0.95,"lower_bound":408228.34300249815,"upper_bound":1196318.0730611086},"point_estimate":973895.4598098993,"standard_error":200652.44043170844},"slope":null,"std_dev":{"confidence_interval":{"confidence_level":0.95,"lower_bound":690728.4722897892,"upper_bound":1300165.7641546526},"point_estimate":1040898.6148962638,"standard_error":156882.73424594596}}